Patient Name,Patint DOB,Patient Gendr,patient_id
John Doe,1985-05-20,Male,3ce146052ef46ba921a3c031579084f1
Jane Smith,1990-12-31,Female,c51bbc35a87add52cb8d36ea17f30149
Bob Johnson,1978-02-11,Male,9c6ee3fcbfd82c300130c23cba5519ce
Sarah O'Connor,1982-05-14,Female,6a1ef320f0229813e0c4b70534c876e9
Mike & Emily,1980-02-28,Male,41c777f6c01cc57bd9b1033efd089c9a
Anna-Marie,1995-07-18,Female,eaae35d615bb272fe9eb06c9b3dac2b4
,2000-01-01,Female,69e7f5c9d5ac470e0573374be29ece6a
David King,1970-01-13,Male,5d1f2da561f6906ed5ba0a9c521322d6
Lucy,1988-06-15,Female,1994b340710a2d5a5fa1441e7ae55836
Alex Murphy,1965-08-25,Male,e133ae1be7ec3b0bbc6d6fa082620596
Maria Garcia,1975-09-15,Female,d64621a2e546c9c2f77eb37bab753c2e
Robert Brown,1982-10-10,Male,0ac8b23767f277e691b6e653b3aa33bc
Emily Davis,1992-05-03,Female,4048eda7594557fd1d45e7932e9527cb
Mike Miller,1985-07-22,Male,2a6f143bd2e49a8af3307a6323f16a8a
Olivia,1989-11-30,Female,71acd806aff42b18a1b7972d73fb15d9
Sophie Turner,1993-02-28,Female,65f155dd3c8f7468b517beef8e6a7995
Liam,,Male,538a03b8641a65b8049d21106500f495
Emma,2000-04-30,Female,575bddbdf1a5e9171358752e2aa6eeae
Daniel Smith,1987-10-09,Male,370b3fcee8689fd846910453c1c2b0f6
Isabella,1991-06-30,Female,5d3299d1d1a17b9a7133e5b374029dd8
Ethan Brown,1999-12-12,Male,9b9414e6057163b9a5f59ce01d701e0e
Ava Wilson,1984-03-25,Female,7864dba84b44917793c2b9fd52ea6a7a
Michael Johnson,1976-04-05,Male,c8ed4a76f95a3f996a92fc3e965fad07
Sophia Martinez,1995-11-11,Female,9ad948d7b85b0cbf7d8ba2640bbe453c
William Garcia,1983-02-28,Male,29669684f4018994fbca28d05997e8b8
Mia Rodriguez,1988-07-07,Female,8a942611556713dba18c0823c796683a
James Martinez,1974-09-18,Male,7e18a504c67540e5cefb57ebf3c92419
Charlotte Hernandez,1996-10-20,Female,1bb2a0e53497c88455f0113ff929b427
Benjamin Anderson,1980-05-05,Male,de7e3a62c911d7abaf06edc8efb56926
Amelia Thomas,1994-08-08,Female,fdb8060f870f219a71d163c9f16ef720
Jacob Jackson,1986-12-14,Male,3dc4a934949af30a85b3920ed426d6de
Harper White,1993-01-17,Female,6642cdf58e02acad075491260155bd60
Elijah Harris,1979-11-22,Male,7187431a277f363ce8776728a0d35be7
Evelyn Martin,1981-06-19,Female,1dc619d5b3d173c910e04b3eac2e00f6
Lucas Thompson,1989-03-03,Male,1761e4d47b64c7fc3823bd30ec698bf7
Abigail Garcia,1998-04-28,Female,fa71a3adfaeb97c44bb630f6ca12e05f
Mason Martinez,1982-07-13,Male,70a2021125059ea62a12ea1688ae0195
Emily Rodriguez,1990-02-24,Female,abef159a908165b1366eb048c0908f4c
Logan Hernandez,1977-08-29,Male,448ff6561a1fd80e29b2b9d7d4daad79
Elizabeth Lopez,1997-05-16,Female,dee1cfc015f444487a2a8835833c31d9
David Walker,1986-05-12,Male,59ee408d881fa24c7917572642c3d75d
Victoria Young,1994-11-22,Female,32de06bfd5dc8308953e671c982b25d5
Christopher Hall,1979-03-18,Male,2f30801b555ab094ae7a38b76f524a48
Grace Allen,2001-09-07,Female,5408f15d9b837954822e46e8487227a8
Andrew Wright,1990-05-27,Male,8ce886c609ec233765bd29268dc30365
Chloe Scott,1995-10-30,Female,06116650b99b7ef7b80bca0d9494b704
Joshua Adams,1983-02-14,Male,70e34d2aa30415f2512b0b049690f121
Ella Baker,1992-08-16,Female,6e9a24d4f8bede767c288115f7173034
Daniel Nelson,1988-06-25,Male,96aa6e688795ae637f4acee5a55d205f
Madison Carter,1996-12-31,Female,465d1dc548bfb75411029c65c95cfc76
Matthew Mitchell,1981-08-09,Male,810de6aeafa9b125da12c090423e3888
Scarlett Perez,1989-04-23,Female,cfbe700ffcc3f75750f4b8c9b03e714a
Anthony Roberts,1977-11-19,Male,5197749e076746fbb37c9331b30f4dcf
Victoria Turner,1993-07-14,Female,27a3fd8881ba94d9a3ec09eecfa71b92
Jonathan Phillips,1982-01-26,Male,f057f8f8930f67fef8227a510a1bf464
Hannah Campbell,1997-12-05,Female,bfc214c8fa26c48609adbbd24c26d594
Brandon Parker,1985-08-29,Male,e8808cdd347c8c2f95ddca99c801ebcd
Lily Evans,1991-07-03,Female,c058420376836b265ff36faca3ec3378
Justin Edwards,1976-11-12,Male,5d3ab77f5ca57ad100f8efc280abc26c
